{
	"name": "Day1",
	"storyscript": [
		{
			"type": "stage-action",
			"stage": "stage1",
			"background": {
				"name": "Resources/Images/SushiHouse.png"
			},
			"actor": [
				{
					"name": "Developer",
					"posx": 0.6,
					"visible": true
				}
			],
			"params":["show-dialogue"]
		},
		{
			"type": "dialogue-action",
			"dialogue": "Ahh, it's day.",
			"speaker": "Master",
			"sound": {
				"blip": "Resources/SE/blip.wav",
				"volume": 0.1,
				"frequency": 4
			}
		},
		{
			"type": "dialogue-action",
			"dialogue": "Lot of works to do today. Almost time to start my new bussiness.",
			"speaker": "Master",
			"sound": {
				"blip": "Resources/SE/blip.wav",
				"volume": 0.1,
				"frequency": 4
			}
		},
		{
			"type": "dialogue-action",
			"dialogue": "*Door Opening Sound*",
			"speaker": " ",
			"audio":"Resources/SE/titleintro.wav"
		},
		{
			"type": "dialogue-action",
			"dialogue": "I have never opened a resteraunt in my life, until one day, I \ndecided to do so.",
			"speaker": "Master",
			"sound": {
				"blip": "Resources/SE/blip.wav",
				"volume": 0.1,
				"frequency": 4
			}
		},
		{
			"type": "dialogue-action",
			"dialogue": "The first day, I went on fishing. I remembered...",
			"speaker": "Master",
			"sound": {
				"blip": "Resources/SE/blip.wav",
				"volume": 0.2,
				"frequency": 4
			}
		},
		{
			"type": "game-action",
			"beatmap": "./www/Resources/JSON/Beatmap/beat.json"
		},
		{
			"type": "dialogue-action",
			"dialogue": "Not bad. I can see your effort, but you are nowhere close to\nmy fishing skill.",
			"speaker": "Master",
			"sound": {
				"blip": "Resources/SE/blip.wav",
				"volume": 0.2,
				"frequency": 4
			}
		},
		{
			"type": "dialogue-action",
			"dialogue": "So you don't believe me. How about you try that again, while\n I go prepare you some food?",
			"speaker": "Master",
			"sound": {
				"blip": "Resources/SE/blip.wav",
				"volume": 0.2,
				"frequency": 4
			}
		},
		{
			"type": "game-action",
			"beatmap": "./www/Resources/JSON/Beatmap/unreal_superhero_3.json"
		},
		{
			"type": "dialogue-action",
			"dialogue": "Not bad, but that one was easier.",
			"speaker": "Master",
			"sound": {
				"blip": "Resources/SE/blip.wav",
				"volume": 0.2,
				"frequency": 4
			}
		},
		{
			"type": "dialogue-action",
			"dialogue": "Ignore him. He's like that.",
			"speaker": "Narrator",
			"sound": {
				"blip": "Resources/SE/blip.wav",
				"volume": 0.2,
				"frequency": 4
			}
		}
	]
}