{
	"name": "Main",
	"storyscript": [
		{
			"type": "stage-action",
			"stage": "stage1",
			"background": {
				"name": "Resources/Images/SushiHouse-Long.png"
			},
			"actor": [
				{
					"name": "Developer",
					"posx": 0.6,
					"velx": -0.5,
					"visible": true
				}
			],
			"params":["hide-dialogue"],
			"wait":3
		},
		{
			"type": "stage-action",
			"actor": [
				{
					"name": "Developer",
					"velx": 0.0,
					"vely": -0.5,
					"animation":"idle"
				}
			],
			"wait":1
		},
		{
			"type": "stage-action",
			"actor": [
				{
					"name": "Developer",
					"velx": 0.0,
					"vely": 0.0
				}
			],
			"wait":1
		},
		{
			"type": "dialogue-action",
			"dialogue": "老板，来一杯冰啤和一份生鱼片寿司军舰卷。",
			"speaker": "Catherine",
			"sound": {
				"blip": "Resources/SE/blip.wav",
				"volume": 0.1,
				"frequency": 4
			},
			"params":["show-dialogue"]
		},
		{
			"type": "dialogue-action",
			"dialogue": "请先喝杯水暖暖身子吧，Catherine。我待会儿给你做寿司。",
			"speaker": "Iktsuarpok",
			"sound": {
				"blip": "Resources/SE/blip.wav",
				"volume": 0.1,
				"frequency": 4
			}
		},
		{
			"type": "dialogue-action",
			"dialogue": "没有冰啤吗？冰啤总不会现做吧？",
			"speaker": "Catherine",
			"sound": {
				"blip": "Resources/SE/blip.wav",
				"volume": 0.1,
				"frequency": 4
			}
		},
		{
			"type": "dialogue-action",
			"dialogue": "没办法，最近几天客人比较多，冰啤也卖完了。",
			"speaker": "Iktsuarpok",
			"sound": {
				"blip": "Resources/SE/blip.wav",
				"volume": 0.1,
				"frequency": 4
			}
		},
		{
			"type": "stage-action",
			"params":["show-dialogue"]
		},
		{
			"type": "dialogue-action",
			"dialogue": "唉，好吧，待会儿见。",
			"speaker": "Catherine",
			"sound": {
				"blip": "Resources/SE/blip.wav",
				"volume": 0.1,
				"frequency": 4
			}
		},
		{
			"type": "dialogue-action",
			"dialogue": "接下来是钓鱼和寿司的教学。",
			"speaker": "Narrator",
			"sound": {
				"blip": "Resources/SE/blip.wav",
				"volume": 0.1,
				"frequency": 4
			},
			"params":["auto-play"]
		},
		{
			"type": "dialogue-action",
			"dialogue": "WHOA-- Stop there--",
			"screenshake":{"time":15,"amount":40},
			"speaker": "Narrator",
			"sound": {
				"blip": "Resources/SE/blip.wav",
				"volume": 0.1,
				"frequency": 4
			}
		},
		{
			"type": "dialogue-action",
			"dialogue": "You are talking to the wrong person. Talk to the player, not me.",
			"speaker": "Narrator",
			"sound": {
				"blip": "Resources/SE/blip.wav",
				"volume": 0.1,
				"frequency": 4
			}
		},
		{
			"type": "dialogue-action",
			"dialogue": "Hmm.                                   \nShall we begin, then?",
			"speaker": "Master",
			"sound": {
				"blip": "Resources/SE/blip.wav",
				"volume": 0.1,
				"frequency": 4
			}
		},
		{
			"type": "stage-action",
			"stage": "stage1",
			"background": {
				"name": "Resources/Images/Title.png"
			},
			"actor": [
				{
					"name": "Developer",
					"visible": false
				}
			],
			"audio":"Resources/SE/titleintro.wav",
			"wait": 2,
			"screenshake":{"time":10,"amount":20},
			"params":["hide-dialogue"]
		},
		{
			"type": "story-action",
			"story": "Day1"
		}
	]
}