{"frames": {

"Hit-0.png":
{
	"frame": {"x":0,"y":0,"w":64,"h":64},
	"rotated": false,
	"trimmed": false,
	"spriteSourceSize": {"x":0,"y":0,"w":64,"h":64},
	"sourceSize": {"w":64,"h":64},
	"anchor": {"x":0.5,"y":0.5}
},
"Hit-1.png":
{
	"frame": {"x":64,"y":0,"w":64,"h":64},
	"rotated": false,
	"trimmed": false,
	"spriteSourceSize": {"x":0,"y":0,"w":64,"h":64},
	"sourceSize": {"w":64,"h":64},
	"anchor": {"x":0.5,"y":0.5}
},
"Hit-2.png":
{
	"frame": {"x":128,"y":0,"w":64,"h":64},
	"rotated": false,
	"trimmed": false,
	"spriteSourceSize": {"x":0,"y":0,"w":64,"h":64},
	"sourceSize": {"w":64,"h":64},
	"anchor": {"x":0.5,"y":0.5}
},
"Hit-3.png":
{
	"frame": {"x":192,"y":0,"w":64,"h":64},
	"rotated": false,
	"trimmed": false,
	"spriteSourceSize": {"x":0,"y":0,"w":64,"h":64},
	"sourceSize": {"w":64,"h":64},
	"anchor": {"x":0.5,"y":0.5}
},
"Hit-4.png":
{
	"frame": {"x":256,"y":0,"w":64,"h":64},
	"rotated": false,
	"trimmed": false,
	"spriteSourceSize": {"x":0,"y":0,"w":64,"h":64},
	"sourceSize": {"w":64,"h":64},
	"anchor": {"x":0.5,"y":0.5}
}},
"animations": {
	"Hit": ["Hit-0.png","Hit-1.png","Hit-2.png","Hit-3.png","Hit-4.png"]
},
"meta": {
	"app": "https://www.codeandweb.com/texturepacker",
	"version": "1.0",
	"image": "HitVFX.png",
	"format": "RGBA8888",
	"size": {"w":320,"h":64},
	"scale": "1",
	"smartupdate": "$TexturePacker:SmartUpdate:3f08a2212bcde32f5a1682479f35316e:1acc8139424f3399273af7895145b1ca:f78ce91aaf2a2c89e64695d2bd439352$"
}
}
