{
	"name":"DoReMiFa Beat",
	"path":"Resources/BGM/7El.mp3",
	"offset":180,
	"timepernote": 80,
	"hitsound":"Resources/SE/hit.wav",
	"map":
	[
		{
			"start":60,
			"type":"regular-fish"
		},
		{
			"start":85,
			"type":"regular-fish"
		},
	
		{
			"start":105,
			"type":"regular-fish"
		},
		{
			"start":135,
			"type":"regular-fish"
		},

		{
			"start":170,
			"type":"regular-fish"
		},


		{
			"start":195,
			"type":"regular-fish"
		},

		{
			"start":220,
			"type":"regular-fish"
		},

		{
			"start":250,
			"type":"regular-fish"
		},



		{
			"start":315,
			"type":"directional-fish",
			"direction": "up"
		},
		{
			"start":330,
			"type":"directional-fish",
			"direction": "down"
		},
		
		{
			"start":345,
			"type":"directional-fish",
			"direction": "up"
		},

		{
			"start":370,
			"type":"directional-fish",
			"direction": "down"
		},
		{
			"start":385,
			"type":"directional-fish",
			"direction": "up"
		},
		{
			"start":400,
			"type":"directional-fish",
			"direction": "down"
		},
		{
			"start":425,
			"type":"directional-fish",
			"direction": "down"
		},
		{
			"start":440,
			"type":"directional-fish",
			"direction": "down"
		},
		{
			"start":455,
			"type":"directional-fish",
			"direction": "down"
		},
		{
			"start":479,
			"type":"regular-fish"
		},
		{
			"start":502,
			"type":"regular-fish"
		},
		{
			"start":624,
			"type":"regular-fish"
		},
		{
			"start":630,
			"type":"regular-fish"
		},
		{
			"start":636,
			"type":"regular-fish"
		},
		{
			"start":642,
			"type":"regular-fish"
		},
		{
			"start":648,
			"type":"regular-fish"
		},
		{
			"start":654,
			"type":"regular-fish"
		},
		{
			"start":660,
			"type":"regular-fish"
		},

		{
			"start":679,
			"type":"directional-fish",
			"direction": "up"
		},
		{
			"start":693,
			"type":"directional-fish",
			"direction": "down"
		},
		{
			"start":707,
			"type":"directional-fish",
			"direction": "up"
		},
		{
			"start":761,
			"type":"regular-fish"
		},
		{
			"start":775,
			"type":"regular-fish"
		},
		{
			"start":789,
			"type":"regular-fish"
		},
		{
			"start":814,
			"type":"regular-fish"
		},
		{
			"start":828,
			"type":"regular-fish"
		},
		{
			"start":842,
			"type":"regular-fish"
		},
		{
			"start":873,
			"type":"regular-fish"
		},
		{
			"start":888,
			"type":"regular-fish"
		},
		{
			"start":903,
			"type":"regular-fish"
		},
		{
			"start":926,
			"type":"long-fish",
			"until":939
		},
		{
			"start":954,
			"type":"long-fish",
			"until": 990
		},
		{
			"start":1004,
			"type":"long-fish",
			"until": 1049
		},

		{
			"start":1064,
			"type":"mash-fish",
			"until": 1107
		},

		{
			"start":1122,
			"type":"regular-fish"
		},
		{
			"start":1137,
			"type":"regular-fish"
		},
		{
			"start":1152,
			"type":"regular-fish"
		},
		{
			"start": 1153,
			"type": "switch"
		},

		{
			"start": 1205,
			"type": "regular-sushi",
			"side": "left",
			"from": "up"
		},
		{
			"start": 1220,
			"type": "regular-sushi",
			"side": "down",
			"from": "up"
		},
		{
			"start": 1235,
			"type": "regular-sushi",
			"side": "left",
			"from": "up"
		},
		{
			"start": 1260,
			"until": 1290,
			"type": "long-sushi",
			"side": "right",
			"from": "up"
		},


		{
			"start": 1315,
			"type": "regular-sushi",
			"side": "right",
			"from": "up"
		},
		{
			"start": 1315,
			"type": "regular-sushi",
			"side": "down",
			"from": "up"
		},
		{
			"start": 1330,
			"type": "regular-sushi",
			"side": "down",
			"from": "up"
		},
		{
			"start": 1330,
			"type": "regular-sushi",
			"side": "left",
			"from": "up"
		},
		{
			"start": 1345,
			"type": "regular-sushi",
			"side": "right",
			"from": "up"
		},
		{
			"start": 1345,
			"type": "regular-sushi",
			"side": "down",
			"from": "up"
		},






		{
			"start": 1515,
			"type": "ghost-sushi",
			"side": "left",
			"from": "up"
		},
		{
			"start": 1521,
			"type": "ghost-sushi",
			"side": "right",
			"from": "up"
		},
		{
			"start": 1527,
			"type": "ghost-sushi",
			"side": "left",
			"from": "up"
		},
		{
			"start": 1533,
			"type": "ghost-sushi",
			"side": "right",
			"from": "up"
		},
		{
			"start": 1539,
			"type": "ghost-sushi",
			"side": "left",
			"from": "up"
		},
		{
			"start": 1545,
			"type": "ghost-sushi",
			"side": "right",
			"from": "up"
		},
		{
			"start": 1551,
			"type": "ghost-sushi",
			"side": "left",
			"from": "up"
		},
		{
			"start": 1557,
			"type": "ghost-sushi",
			"side": "right",
			"from": "up"
		},


		{
			"start": 1570,
			"type": "junk-sushi",
			"side": "left",
			"from": "up"
		},
		{
			"start": 1584,
			"type": "junk-sushi",
			"side": "down",
			"from": "up"
		},
		{
			"start": 1598,
			"type": "junk-sushi",
			"side": "right",
			"from": "up"
		},




		{
			"start": 1611,
			"type": "switch"
		},
		{
			"start":1650,
			"type":"directional-fish",
			"direction": "up"
		},
		{
			"start":1665,
			"type":"directional-fish",
			"direction": "down"
		},

		{
			"start":1680,
			"type":"directional-fish",
			"direction": "up"
		},

		{
			"start":1705,
			"type":"directional-fish",
			"direction": "down"
		},
		{
			"start":1720,
			"type":"directional-fish",
			"direction": "up"
		},
		{
			"start":1735,
			"type":"directional-fish",
			"direction": "down"
		},
		{
			"start":1760,
			"type":"directional-fish",
			"direction": "down"
		},
		{
			"start":1775,
			"type":"directional-fish",
			"direction": "down"
		},
		{
			"start":1790,
			"type":"directional-fish",
			"direction": "down"
		}
	]
}