{
	"name":"DoReMiFa Beat",
	"path":"Resources/BGM/unreal_superhero_3.mp3",
	"BPM":128,
	"Pace":28.125,
	"offset":180,
	"timepernote": 100,
	"hitsound":"Resources/SE/hit.wav",
	"map":
	[
	
		{
			"start":450,
			"type":"long-fish",
			"until":512.875
		},
		
		{
			"start":541,
			"type":"directional-fish",
			"direction":"up"
		},
		
		{
			"start":568,
			"type":"long-fish",
			"until":628.875
		},
		
		{
			"start":656.125,
			"type":"directional-fish",
			"direction":"down"
		},
		
		{
			"start":684,
			"type":"long-fish",
			"until":746.875
		},
		
		{
			"start":780,
			"type":"regular-fish"
		},
		{
			"start":800,
			"type":"regular-fish"
		},
		{
			"start":808,
			"type":"regular-fish"
		},
		
		{
			"start":828,
			"type":"regular-fish"
		},
		{
			"start":856,
			"type":"regular-fish"
		},
		{
			"start":870,
			"type":"regular-fish"
		},
		{
			"start":886,
			"type": "switch"
		},
		
		{
			"start":973,
			"type": "regular-sushi",
			"side":"left",
			"from":"up"
		},
		{
			"start":987.5,
			"type": "regular-sushi",
			"side":"left",
			"from":"up"
		},
		{
			"start":1002,
			"type": "regular-sushi",
			"side":"right",
			
			"from":"up"
		},
		{
			"start":1016.5,
			"type": "regular-sushi",
			"side":"down",
			"from":"up"
		},
		{
			"start":1031,
			"type": "regular-sushi",
			"side":"down",
			"from":"up"
		},
		{
			"start":1045.5,
			"type": "regular-sushi",
			"side":"left",
			"from":"up"
		},
		
		
		

		{
			"start":1085.5,
			"type": "regular-sushi",
			"side":"left",
			"from":"up"
		},
		{
			"start":1100,
			"type": "regular-sushi",
			"side":"down",
			"from":"up"
		},
		{
			"start":1114.5,
			"type": "regular-sushi",
			"side":"left",
			"from":"up"
		},
		{
			"start":1129,
			"type": "regular-sushi",
			"side":"right",
			"from":"up"
		},
		{
			"start":1143.5,
			"type": "regular-sushi",
			"side":"down",
			"from":"up"
		},
		{
			"start":1158,
			"type": "regular-sushi",
			"side":"right",
			"from":"up"
		},
		
		
		
		{
			"start":1201,
			"type": "regular-sushi",
			"side":"down",
			"from":"up"
		},
		{
			"start":1220.33,
			"type": "regular-sushi",
			"side":"down",
			"from":"up"
		},
		{
			"start":1230,
			"type": "regular-sushi",
			"side":"down",
			"from":"up"
		},
		{
			"start":1241.1875,
			"type": "long-sushi",
			"side":"down",
			"from":"up",
			"until":1269.3125
		},
		
		
		{
			"start":1297.4375,
			"type": "regular-sushi",
			"side":"left",
			"from":"up"
		},
		
		
		{
			"start":1307.4375,
			"type": "switch"
		},
		
		
		{
			"start":1350.0625,
			"type": "directional-fish",
			"direction": "down"
		},
		{
			"start":1364.125,
			"type": "directional-fish",
			"direction": "down"
		},
		{
			"start":1378.1875,
			"type": "directional-fish",
			"direction": "right"
		},
		
		{
			"start":1418.3125,
			"type": "regular-fish"
		},
		{
			"start":1432.8125,
			"type": "directional-fish",
			"direction": "left"
		},
		{
			"start":1447.3125,
			"type": "regular-fish"
		},
		{
			"start":1461.8125,
			"type": "directional-fish",
			"direction": "left"
		},
		{
			"start":1476.3125,
			"type": "regular-fish"
		},
		{
			"start":1490.8125,
			"type": "directional-fish",
			"direction": "left"
		},
		
		{
			"start":1534.3125,
			"type": "directional-fish",
			"direction": "down"
		},
		{
			"start":1548.8125,
			"type": "regular-fish"
		},
		{
			"start":1563.3125,
			"type": "directional-fish",
			"direction": "down"
		},
		{
			"start":1577.8125,
			"type": "regular-fish"
		},
		{
			"start":1592.3125,
			"type": "directional-fish",
			"direction": "down"
		},
		{
			"start":1606.8125,
			"type": "regular-fish"
		},
		
		
		{
			"start":1632,
			"type": "switch"
		},
		
		{
			"start":1659,
			"type": "long-sushi",
			"side":"left",
			"from":"up",
			"until":1675
		},
		{
			"start":1800,
			"type": "long-sushi",
			"side":"right",
			"from":"up",
			"until":1814.5
		},
		{
			"start":1829,
			"type": "long-sushi",
			"side":"left",
			"from":"up",
			"until":1843.5
		},
		{
			"start":1872.5,
			"type": "long-sushi",
			"side":"right",
			"from":"up",
			"until":1887
		},
		{
			"start":1901.5,
			"type": "long-sushi",
			"side":"left",
			"from":"up",
			"until":1916
		},
		{
			"start":1936.5,
			"type": "regular-sushi",
			"side":"right",
			"from":"up"
		},
		{
			"start":1951,
			"type": "regular-sushi",
			"side":"down",
			"from":"up"
		},
		{
			"start":1965.5,
			"type": "regular-sushi",
			"side":"left",
			"from":"up"
		},
		{
			"start":1980,
			"type": "regular-sushi",
			"side":"right",
			"from":"up"
		},
		{
			"start":2009,
			"type": "regular-sushi",
			"side":"right",
			"from":"up"
		}
		
		
	]
}