{"frames": {

"BC":
{
	"frame": {"x":0,"y":0,"w":8,"h":8},
	"rotated": false,
	"trimmed": false,
	"spriteSourceSize": {"x":0,"y":0,"w":8,"h":8},
	"sourceSize": {"w":8,"h":8},
	"anchor": {"x":0.5,"y":0.5}
},
"BL":
{
	"frame": {"x":8,"y":0,"w":8,"h":8},
	"rotated": false,
	"trimmed": false,
	"spriteSourceSize": {"x":0,"y":0,"w":8,"h":8},
	"sourceSize": {"w":8,"h":8},
	"anchor": {"x":0.5,"y":0.5}
},
"BR":
{
	"frame": {"x":16,"y":0,"w":8,"h":8},
	"rotated": false,
	"trimmed": false,
	"spriteSourceSize": {"x":0,"y":0,"w":8,"h":8},
	"sourceSize": {"w":8,"h":8},
	"anchor": {"x":0.5,"y":0.5}
},
"CC":
{
	"frame": {"x":24,"y":0,"w":8,"h":8},
	"rotated": false,
	"trimmed": false,
	"spriteSourceSize": {"x":0,"y":0,"w":8,"h":8},
	"sourceSize": {"w":8,"h":8},
	"anchor": {"x":0.5,"y":0.5}
},
"CL":
{
	"frame": {"x":32,"y":0,"w":8,"h":8},
	"rotated": false,
	"trimmed": false,
	"spriteSourceSize": {"x":0,"y":0,"w":8,"h":8},
	"sourceSize": {"w":8,"h":8},
	"anchor": {"x":0.5,"y":0.5}
},
"CR":
{
	"frame": {"x":40,"y":0,"w":8,"h":8},
	"rotated": false,
	"trimmed": false,
	"spriteSourceSize": {"x":0,"y":0,"w":8,"h":8},
	"sourceSize": {"w":8,"h":8},
	"anchor": {"x":0.5,"y":0.5}
},
"TC":
{
	"frame": {"x":48,"y":0,"w":8,"h":8},
	"rotated": false,
	"trimmed": false,
	"spriteSourceSize": {"x":0,"y":0,"w":8,"h":8},
	"sourceSize": {"w":8,"h":8},
	"anchor": {"x":0.5,"y":0.5}
},
"TL":
{
	"frame": {"x":56,"y":0,"w":8,"h":8},
	"rotated": false,
	"trimmed": false,
	"spriteSourceSize": {"x":0,"y":0,"w":8,"h":8},
	"sourceSize": {"w":8,"h":8},
	"anchor": {"x":0.5,"y":0.5}
},
"TR":
{
	"frame": {"x":64,"y":0,"w":8,"h":8},
	"rotated": false,
	"trimmed": false,
	"spriteSourceSize": {"x":0,"y":0,"w":8,"h":8},
	"sourceSize": {"w":8,"h":8},
	"anchor": {"x":0.5,"y":0.5}
}},
"meta": {
	"app": "https://www.codeandweb.com/texturepacker",
	"version": "1.0",
	"image": "DialogueBox.png",
	"format": "RGBA8888",
	"size": {"w":72,"h":8},
	"scale": "1",
	"smartupdate": "$TexturePacker:SmartUpdate:ba2cbe8af8ce91b0fef2238d3ce8a3ad:8af6e028c2c00261762cdcacd99f799c:d8833e8ab1267892c7651e311a4b9612$"
}
}
